날짜,총거래물량,총거래물량_예측
2020-03-23,3254897.73,1400531.9
2020-03-24,632679.56,1347585.0
2020-03-25,2647301.2300000004,1450734.0
2020-03-26,2605866.9,1378613.1
2020-03-27,3023009.32,1452366.0
2020-03-28,381089.5,1345926.9
2020-03-29,590236.59,1369640.5
2020-03-30,799383.6799999999,1308320.9
2020-03-31,1079633.75,1314226.4
2020-04-01,609212.0,1235422.2
2020-04-02,1746887.2999999998,1233714.6
2020-04-03,2036778.99,1195470.0
2020-04-04,1407404.0,1208968.5
2020-04-05,1364256.95,1225635.9
2020-04-06,1321109.9,1269744.2
2020-04-07,1649643.5,1339810.4
2020-04-08,1029815.77,1411955.8
2020-04-09,2703903.69,1437798.6
2020-04-10,2844910.18,1533995.2
2020-04-11,2253623.04,1598776.0
2020-04-12,1610128.97,1697532.1
2020-04-13,966634.9,1730477.0
2020-04-14,1731297.65,1705064.9
2020-04-15,3273772.05,1775145.5
2020-04-16,1270767.71,1725848.6
2020-04-17,2687203.0,1747985.8
2020-04-18,608082.49,1747706.8
2020-04-19,2252243.455,1683227.5
2020-04-20,3896404.42,1587309.5
2020-04-21,3802854.1,1431246.1
2020-04-22,3154501.95,1360147.6
2020-04-23,748842.9,1302605.0
2020-04-24,779046.75,1211314.5
2020-04-25,436507.01,1179198.0
2020-04-26,711274.24,1089104.1
2020-04-27,986041.47,1060946.0
2020-04-28,903915.52,976659.7
2020-04-29,643767.78,932302.75
2020-04-30,645856.94,798679.56
2020-05-01,658938.95,763716.3
2020-05-02,537772.63,642765.44
2020-05-03,614108.315,642144.5
2020-05-04,690444.0,588273.3
2020-05-05,128112.75,559068.75
2020-05-06,938788.97,561461.94
2020-05-07,673899.86,568526.5
2020-05-08,1868604.5,578028.94
2020-05-09,127553.6,558886.56
2020-05-10,494253.895,586728.7
2020-05-11,860954.19,550784.2
2020-05-12,737498.97,560943.44
2020-05-13,765023.36,547806.7
2020-05-14,585291.29,570221.44
2020-05-15,425041.36,545793.25
2020-05-16,272363.62,580070.9
2020-05-17,468212.16,544847.25
2020-05-18,664060.7000000001,568011.1
2020-05-19,656876.01,554875.2
2020-05-20,677488.64,585335.5
2020-05-21,524322.8,556843.25
2020-05-22,1063256.27,574854.75
2020-05-23,328193.21,564656.4
2020-05-24,576736.23,583074.2
2020-05-25,825279.25,580110.56
2020-05-26,940788.0,591828.0
2020-05-27,833664.03,590511.1
2020-05-28,856445.5,587349.2
2020-05-29,538229.93,598944.0
2020-05-30,399731.97,587374.1
2020-05-31,650386.86,599826.0
2020-06-01,901041.75,582718.25
2020-06-02,826668.67,582626.75
2020-06-03,959568.35,557111.4
2020-06-04,798896.37,554729.06
2020-06-05,1193271.0,526918.06
2020-06-06,209392.49,515898.34
2020-06-07,648373.73,493219.3
2020-06-08,1087354.97,480764.44
2020-06-09,723820.87,459565.7
2020-06-10,591537.0,446569.44
2020-06-11,551468.06,429073.6
2020-06-12,504328.25,413626.2
2020-06-13,238706.89,388561.62
2020-06-14,214205.045,372169.3
2020-06-15,189703.2,341562.66
2020-06-16,351945.24,335391.6
2020-06-17,681547.8425,310683.94
2020-06-18,426506.88,309864.3
2020-06-19,428732.2,293932.0
2020-06-20,173233.25,277753.38
2020-06-21,160176.125,253604.39
2020-06-22,147119.0,262856.22
2020-06-23,264634.73,252360.7
2020-06-24,243179.74,260299.56
2020-06-25,182859.83,251563.1
2020-06-26,469327.25,279140.4
2020-06-27,154688.13999999998,281712.62
2020-06-28,256203.09,256516.39
2020-06-29,357718.04,291859.62
2020-06-30,248692.8,269010.7
2020-07-01,287980.14,317263.3
2020-07-02,317516.51,327190.9
2020-07-03,582766.6,339888.22
2020-07-04,196569.68,338511.16
2020-07-05,476496.595,361165.34
2020-07-06,756423.51,355463.1
2020-07-07,295972.79000000004,375344.94
2020-07-08,646481.6799999999,370948.44
2020-07-09,188152.6,385232.56
2020-07-10,521698.65,375854.97
2020-07-11,113899.81,386981.94
2020-07-12,210032.445,376357.25
2020-07-13,306165.08,388250.8
2020-07-14,215376.0,349726.16
2020-07-15,210930.5,295468.9
2020-07-16,197797.67,308875.47
2020-07-17,686582.01,313049.62
2020-07-18,180514.2,328827.4
2020-07-19,342554.96,329233.0
2020-07-20,504595.72,338213.1
2020-07-21,177211.98,329801.25
2020-07-22,178660.89,336031.84
2020-07-23,276272.82,332138.1
2020-07-24,358616.13,331440.0
2020-07-25,166827.34,297697.2
2020-07-26,422358.99,298368.06
2020-07-27,677890.64,309232.25
2020-07-28,186282.91,316770.88
2020-07-29,201205.41,323537.97
2020-07-30,319734.48,312605.66
2020-07-31,293664.68,321182.72
2020-08-01,45609.47,313018.97
2020-08-02,195317.82000000004,323334.06
2020-08-03,345026.17000000004,313898.8
2020-08-04,330928.8,317352.7
2020-08-05,679624.4299999999,311541.66
2020-08-06,295710.43,307646.53
2020-08-07,727359.8200000001,303710.5
2020-08-08,78946.0,303853.2
2020-08-09,180647.59,292180.6
2020-08-10,282349.18,301224.16
2020-08-11,231879.46,306131.88
2020-08-12,123993.12,315317.38
2020-08-13,237323.64,320224.12
2020-08-14,422440.35,325825.56
2020-08-15,194071.98,317577.44
2020-08-16,255404.86,314216.22
2020-08-17,316737.74,305991.9
2020-08-18,293897.01,299606.06
2020-08-19,290627.85,296168.94
2020-08-20,189937.91,287091.53
2020-08-21,418905.54,299330.56
2020-08-22,123874.58,288057.47
2020-08-23,329190.215,295369.12
2020-08-24,534505.85,274746.8
2020-08-25,174315.47,276782.38
2020-08-26,394110.52,256886.47
2020-08-27,222136.39,259914.16
2020-08-28,261539.4,240258.06
2020-08-29,107308.56,238847.94
2020-08-30,128071.475,222622.05
2020-08-31,148834.39,222593.14
2020-09-01,274562.95,207995.48
2020-09-02,229810.72,203738.05
2020-09-03,381027.81,192758.6
2020-09-04,80327.64,187143.81
2020-09-05,96412.24,176559.6
2020-09-06,95288.12,210259.89
2020-09-07,94164.0,197908.22
2020-09-08,78278.76999999999,218083.67
2020-09-09,176809.5,186331.75
2020-09-10,184456.89,228590.9
2020-09-11,156124.25,208168.5
2020-09-12,142431.27000000002,244122.06
2020-09-13,278165.19,234184.97
2020-09-14,413899.11,258895.8
2020-09-15,266440.64,254270.86
2020-09-16,299977.83,267349.12
2020-09-17,207670.38,266382.22
2020-09-18,413379.33,281538.9
2020-09-19,124066.7,278243.72
2020-09-20,179232.545,288819.84
2020-09-21,234398.39,280986.78
2020-09-22,191550.36,288996.5
2020-09-23,275603.53,282598.16
2020-09-24,512822.68,288393.38
2020-09-25,473113.22,285596.56
2020-09-26,214922.06,288344.8
2020-09-27,296920.36,288900.72
2020-09-28,378918.66,293965.84
2020-09-29,293577.54,291386.5
2020-09-30,68889.58,290927.47
2020-10-01,131291.84399999998,288793.56
2020-10-02,193694.108,281870.44
2020-10-03,256096.372,280193.84
2020-10-04,318498.63599999994,296291.8
2020-10-05,380900.9,297260.34
2020-10-06,339286.29,308584.16
2020-10-07,358062.28,313154.34
2020-10-08,421486.46,327090.66
2020-10-09,376921.06,331952.34
2020-10-10,333992.88,356757.78
2020-10-11,410576.665,360472.88
2020-10-12,487160.45,402771.28
2020-10-13,303778.09,410408.84
2020-10-14,517574.3,423305.06
2020-10-15,661588.0900000001,429550.97
2020-10-16,210767.23,447379.53
2020-10-17,241153.26,453842.84
2020-10-18,493106.1,461916.72
2020-10-19,745058.9400000001,463209.2
2020-10-20,521272.55,467892.3
2020-10-21,608855.69,460328.03
2020-10-22,670729.39,475334.75
2020-10-23,628791.24,469597.4
2020-10-24,485765.04,483550.8
2020-10-25,531978.685,477836.47
2020-10-26,578192.3300000001,522151.12
2020-10-27,648679.5,501968.16
2020-10-28,682485.3485,507796.94
2020-10-29,655000.03,487667.28
2020-10-30,453117.58,485223.56
2020-10-31,531579.21,472351.7
2020-11-01,484202.925,469675.88
2020-11-02,436826.64,479567.5
2020-11-03,578620.09,476790.25
2020-11-04,521161.62,476043.44
2020-11-05,592957.1900000001,491846.03
2020-11-06,532656.26,541446.4
2020-11-07,448229.04,525626.4
2020-11-08,638257.585,520734.12
2020-11-09,828286.13,506107.53
2020-11-10,691551.25,530305.3
2020-11-11,837503.81,577003.06
2020-11-12,890435.09,577425.06
2020-11-13,689934.05,581682.6
2020-11-14,505206.97,565551.8
2020-11-15,600928.1599999999,567822.3
2020-11-16,696649.35,563845.75
2020-11-17,630067.68,564186.7
2020-11-18,676952.42,574939.9
2020-11-19,833608.0,594217.2
2020-11-20,451848.0,596081.4
2020-11-21,208190.56,588739.5
2020-11-22,598377.9850000001,644097.94
2020-11-23,988565.41,673849.44
2020-11-24,752273.46,735890.7
2020-11-25,955297.12,768482.94
2020-11-26,903125.52,815990.1
2020-11-27,1206944.23,795833.6
2020-11-28,763029.67,827897.0
2020-11-29,952691.03,869124.2
2020-11-30,1142352.39,908718.7
2020-12-01,1348633.31,936875.56
2020-12-02,971518.12,953641.4
2020-12-03,957018.16,958174.56
2020-12-04,1079783.7000000002,967778.9
2020-12-05,955398.35,972215.9
2020-12-06,1143006.285,969294.3
2020-12-07,1330614.22,947081.6
2020-12-08,869823.28,912711.3
2020-12-09,1061981.16,882008.6
2020-12-10,1084809.75,847744.94
2020-12-11,1248399.96,821455.0
2020-12-12,658309.78,767218.1
2020-12-13,696447.1699999999,733308.5
2020-12-14,734584.5599999999,699483.3
2020-12-15,991449.12,665161.8
2020-12-16,500761.43,598463.0
2020-12-17,381769.17,588924.25
2020-12-18,669159.66,548554.1
2020-12-19,249267.49,535458.6
2020-12-20,430679.325,504950.3
2020-12-21,612091.16,501154.44
2020-12-22,654801.31,484844.7
2020-12-23,689208.46,478468.47
2020-12-24,686099.25,466274.56
2020-12-25,577554.4,465316.3
2020-12-26,330317.53,454924.0
2020-12-27,559406.1599999999,460259.34
2020-12-28,788494.7899999999,445077.2
2020-12-29,461195.52,448288.94
2020-12-30,293393.6,432333.53
2020-12-31,316131.35,433285.12
2021-01-01,327179.83,430673.9
2021-01-02,338228.31,426346.6
2021-01-03,349276.79000000004,402286.78
2021-01-04,360325.27,400919.53
2021-01-05,730840.73,388370.34
2021-01-06,396129.39,397466.88
2021-01-07,528897.25,390304.62
2021-01-08,374348.66,410847.16
2021-01-09,111051.75,396298.2
2021-01-10,412861.195,422057.25
2021-01-11,714670.64,425142.6
2021-01-12,190753.75,450629.62
2021-01-13,557651.85,468638.38
2021-01-14,263828.5,509889.38
2021-01-15,579221.86,518710.3
2021-01-16,252253.87,547224.2
2021-01-17,395912.715,554711.7
2021-01-18,539571.56,585169.44
2021-01-19,822203.29,599652.06
2021-01-20,683799.31,612398.2
2021-01-21,933113.14,625459.5
2021-01-22,708790.22,621581.56
2021-01-23,232992.49,637818.25
2021-01-24,511817.63,628432.8
2021-01-25,790642.77,641411.9
2021-01-26,652800.46,622244.4
2021-01-27,667052.23,631688.3
2021-01-28,675096.28,609083.94
2021-01-29,672912.91,611123.56
2021-01-30,253207.49,595789.94
2021-01-31,519968.85,590482.9
2021-02-01,786730.21,567238.94
2021-02-02,696601.5499999999,548745.06
2021-02-03,631968.44,510656.56
2021-02-04,374973.1,505175.56
2021-02-05,343532.92,492016.94
2021-02-06,425768.61,482807.34
2021-02-07,28996.88,449045.44
2021-02-08,875242.8099999999,453934.66
2021-02-09,670522.5700000001,425333.53
2021-02-10,318111.75,447480.1
2021-02-11,129378.11,421733.2
2021-02-12,218263.396,437795.72
2021-02-13,307148.68200000003,411248.72
2021-02-14,396033.968,416787.84
2021-02-15,484919.254,411874.06
2021-02-16,573804.54,421080.2
2021-02-17,648944.06,415720.88
2021-02-18,345947.7,449554.47
2021-02-19,465840.89,431581.3
2021-02-20,232931.27,453175.84
2021-02-21,401024.4,452314.16
2021-02-22,569117.53,462468.78
2021-02-23,472797.08,455424.5
2021-02-24,556103.0,468731.47
2021-02-25,355301.08,466526.1
2021-02-26,721315.0,473864.7
2021-02-27,212016.9,471290.25
2021-02-28,238757.33,469855.88
2021-03-01,265497.76,475101.16
2021-03-02,636280.75,448478.0
2021-03-03,694589.36,414420.62
2021-03-04,514718.75,370781.47
2021-03-05,546312.5,362333.53
2021-03-06,241096.0,380021.72
2021-03-07,312569.905,370989.94
2021-03-08,384043.81,385801.4
2021-03-09,335206.11,370672.16
2021-03-10,312196.57,378467.78
2021-03-11,379206.1,367232.25
2021-03-12,384851.69,373056.28
2021-03-13,97566.07,365697.4
2021-03-14,250629.715,356177.84
2021-03-15,403693.36,354229.72
2021-03-16,378769.83,352431.3
2021-03-17,506050.46,350136.66
2021-03-18,494693.07,348339.34
2021-03-19,447412.33,351444.4
2021-03-20,204354.45,349977.06
2021-03-21,345820.205,358826.38
2021-03-22,487285.96,343299.78
2021-03-23,333332.13,347240.4
2021-03-24,457220.67,354399.75
2021-03-25,497169.4,374313.88
2021-03-26,345506.79,367128.44
2021-03-27,247855.41,373364.12
2021-03-28,434289.88,377713.56
2021-03-29,620724.35,376663.44
2021-03-30,423915.57,371318.7
2021-03-31,454183.8,380678.16
2021-04-01,392996.16,388948.62
2021-04-02,484846.87,387794.06
2021-04-03,224010.54,392729.3
2021-04-04,376047.82875,392076.66
2021-04-05,528085.1174999999,391384.8
2021-04-06,475178.2444,383949.2
2021-04-07,425233.3776,396637.94
2021-04-08,361602.91,410319.0
2021-04-09,700353.85,417032.2
2021-04-10,138763.87,424366.75
2021-04-11,381809.56,427402.3
2021-04-12,624855.25,422627.7
2021-04-13,647662.85,438792.03
2021-04-14,573906.3,416908.94
2021-04-15,445772.56,416303.5
2021-04-16,622540.13,418650.7
2021-04-17,190252.6,437062.75
2021-04-18,389174.8300000001,423682.84
2021-04-19,588097.06,457248.62
2021-04-20,652409.16,448961.28
2021-04-21,503892.21,477205.8
2021-04-22,515675.25,441103.3
2021-04-23,580981.03,461559.47
2021-04-24,236686.71,431586.2
2021-04-25,428625.855,441821.6
2021-04-26,620565.0,412107.72
2021-04-27,694891.31,424384.62
2021-04-28,640967.51,406310.3
2021-04-29,311374.48,422502.22
2021-04-30,673647.99,403353.3
2021-05-01,285554.25,419843.7
2021-05-02,430441.625,407173.03
2021-05-03,575329.0,407293.44
2021-05-04,677314.25,395279.4
2021-05-05,115050.5,413815.88
2021-05-06,674263.7,397894.3
2021-05-07,245434.75,413099.9
2021-05-08,278350.57,407184.75
2021-05-09,436089.085,417392.16
2021-05-10,593827.6,405625.22
2021-05-11,545504.63,436836.28
2021-05-12,673360.5700000001,417393.22
2021-05-13,601338.99,440656.38
2021-05-14,574318.77,411132.1
2021-05-15,288997.2,437676.7
2021-05-16,492642.0500000001,419851.84
2021-05-17,696286.9,447108.9
2021-05-18,581771.25,442934.4
2021-05-19,75426.5,471991.62
2021-05-20,581645.15,464494.3
2021-05-21,421998.75,506213.44
2021-05-22,454191.12,486349.97
2021-05-23,518079.985,492859.7
2021-05-24,581968.8500000001,475692.53
2021-05-25,615975.91,488117.66
2021-05-26,676754.6,472980.56
2021-05-27,709457.9,469099.56
2021-05-28,483970.35,451507.2
2021-05-29,325193.8,439325.8
2021-05-30,386630.975,429009.38
2021-05-31,448068.15,418626.75
2021-06-01,584242.51,413056.84
2021-06-02,668058.33,399793.75
2021-06-03,816583.28,388810.7
2021-06-04,451202.0,371274.22
2021-06-05,196011.09,355078.9
2021-06-06,141451.54499999998,309715.12
2021-06-07,86892.0,322026.12
2021-06-08,392494.86,296447.2
2021-06-09,311318.32,304239.38
2021-06-10,311012.1,286889.4
2021-06-11,223295.0,289817.53
2021-06-12,83907.6,270832.94
2021-06-13,90114.435,255901.52
2021-06-14,96321.27,234902.5
2021-06-15,105244.5,241043.34
2021-06-16,115588.08,230467.64
2021-06-17,233235.41,236958.11
2021-06-18,290617.53,226135.45
2021-06-19,111671.7,238500.16
2021-06-20,120362.225,225112.97
2021-06-21,129052.75,233125.28
2021-06-22,384859.25,226211.2
2021-06-23,290929.48,243529.36
2021-06-24,290212.44,234743.38
2021-06-25,318995.75,246506.52
2021-06-26,139664.41,239177.95
2021-06-27,242161.355,250607.4
2021-06-28,344658.3,246457.61
2021-06-29,283620.2,250570.75
2021-06-30,317533.6,247632.19
2021-07-01,375721.15,250819.84
2021-07-02,452166.43000000005,251881.66
2021-07-03,339535.9,249746.83
2021-07-04,340126.81,243706.25
2021-07-05,340717.72,259154.39
2021-07-06,303531.88,306218.38
2021-07-07,483909.94,284535.22
2021-07-08,411268.07,324872.12
2021-07-09,341948.42,313331.28
2021-07-10,310800.15,349331.7
2021-07-11,354044.875,339445.6
2021-07-12,397289.6,368652.38
2021-07-13,481011.14,356593.34
2021-07-14,616918.5900000001,372396.88
2021-07-15,426821.45,364645.84
2021-07-16,365904.77,374288.03
2021-07-17,91106.82,365792.4
2021-07-18,244772.535,381288.4
2021-07-19,398438.25,364925.94
2021-07-20,356575.75,383721.34
2021-07-21,287157.05,356473.84
2021-07-22,566921.53,370822.16
2021-07-23,453585.48,335119.7
2021-07-24,331059.68,353083.38
2021-07-25,370742.745,320000.12
2021-07-26,410425.81,333120.6
2021-07-27,413526.13,308055.6
2021-07-28,353237.69,318321.1
2021-07-29,293448.16000000003,298198.38
2021-07-30,185296.5,306605.47
2021-07-31,202069.7033333333,289505.06
2021-08-01,218842.90666666665,296788.8
2021-08-02,235616.11,280252.78
2021-08-03,228410.79,284337.53
2021-08-04,205932.25,266550.56
2021-08-05,231042.73,270992.75
2021-08-06,333601.24,259780.92
2021-08-07,161861.47,264057.5
2021-08-08,235669.245,257045.17
2021-08-09,309477.02,257708.5
2021-08-10,240330.46,250867.62
2021-08-11,306289.49,249160.56
2021-08-12,229617.13,243978.28
2021-08-13,391407.77,246038.56
2021-08-14,211239.12,243414.16
2021-08-15,261016.995,241013.11
2021-08-16,310794.87,236377.16
2021-08-17,188246.55,233097.05
2021-08-18,315912.25,231144.75
2021-08-19,134168.85,234780.81
2021-08-20,344830.8,232829.88
2021-08-21,211072.7,235817.39
2021-08-22,241614.16,237677.25
2021-08-23,272155.62,254762.92
2021-08-24,345992.85,317863.7
2021-08-25,298388.28,303142.66
2021-08-26,242888.98,328167.6
2021-08-27,292418.98,323090.97
2021-08-28,232513.0,356624.25
2021-08-29,255322.885,356957.94
2021-08-30,278132.77,391506.9
2021-08-31,308662.25,391574.8
2021-09-01,328601.69,420041.0
2021-09-02,450982.31,427048.4
2021-09-03,449436.09,457556.72
2021-09-04,392692.7400000001,457554.16
2021-09-05,574018.785,474014.3
2021-09-06,755344.8300000001,457156.72
2021-09-07,672017.36,481690.3
2021-09-08,361822.55,475736.3
2021-09-09,499716.63,498838.7
2021-09-10,471185.85,488749.66
2021-09-11,464124.35,497459.1
2021-09-12,484821.915,472658.66
2021-09-13,505519.48,473593.62
2021-09-14,733233.19,447368.62
2021-09-15,486243.78,450101.9
2021-09-16,586081.14,431462.03
2021-09-17,699887.25,428736.72
2021-09-18,425530.85,425131.3
2021-09-19,43759.0,431044.8
2021-09-20,3438.0,425851.22
2021-09-21,96477.424,419291.28
2021-09-22,189516.848,443134.3
2021-09-23,282556.272,437790.44
2021-09-24,375595.696,447847.16
2021-09-25,468635.12,439796.22
2021-09-26,586613.3049999999,453112.22
2021-09-27,704591.49,446359.06
2021-09-28,732406.98,455479.03
2021-09-29,574532.63,447698.38
2021-09-30,464888.06,462338.22
2021-10-01,483883.94,449265.28
2021-10-02,528569.42,464848.6
2021-10-03,583625.425,457194.56
2021-10-04,638681.43,460524.22
2021-10-05,559116.1,453538.12
2021-10-06,419611.2324,453920.38
2021-10-07,312623.75,449801.7
2021-10-08,389896.32,450053.4
2021-10-09,288229.58,454013.22
2021-10-10,364260.065,452880.5
2021-10-11,440290.55,459628.2
2021-10-12,478785.34,458501.8
2021-10-13,632643.22,452629.38
2021-10-14,858785.88,445835.44
2021-10-15,714641.08,449388.72
2021-10-16,349294.0,451162.47
2021-10-17,375736.79,453498.1
2021-10-18,402179.58,445417.97
2021-10-19,550140.15,453333.16
2021-10-20,456775.45,449918.25
2021-10-21,370061.41,446259.75
2021-10-22,359496.33,439158.62
2021-10-23,270204.6,434373.25
2021-10-24,342690.43999999994,424576.72
2021-10-25,415176.28,420319.47
2021-10-26,298983.63,407298.2
2021-10-27,252599.0,405009.66
2021-10-28,350089.03,393099.2
2021-10-29,331617.43,394221.3
2021-10-30,380889.88,383570.06
2021-10-31,445789.53,392465.47
2021-11-01,510689.18,382635.9
2021-11-02,390992.8,394146.2
2021-11-03,574021.09,386023.9
2021-11-04,487499.17,395823.4
2021-11-05,467443.93,387543.47
2021-11-06,220018.05,395044.0
2021-11-07,272655.1,387391.38
2021-11-08,325292.15,393352.94
2021-11-09,321092.22,399505.78
2021-11-10,506256.37,361602.56
2021-11-11,280440.81,295252.75
2021-11-12,365045.0,264257.8
2021-11-13,163015.43,263947.6
2021-11-14,165800.345,280810.44
2021-11-15,168585.26,293572.03
2021-11-16,558488.87,292479.62
2021-11-17,458151.4,303908.1
2021-11-18,394653.68,302494.2
2021-11-19,420943.35,313707.84
2021-11-20,242753.95,314314.4
2021-11-21,286817.88,328566.97
2021-11-22,330881.81,337389.72
2021-11-23,518540.16,367243.6
2021-11-24,271590.91,412115.62
2021-11-25,145310.61,474063.84
2021-11-26,676374.1,504112.62
2021-11-27,264458.58,577992.6
2021-11-28,530307.56,587218.06
2021-11-29,796156.54,608197.4
2021-11-30,820824.7,581847.5
2021-12-01,843943.1939999999,641503.44
2021-12-02,867061.688,699206.4
2021-12-03,890180.1819999999,759746.4
2021-12-04,913298.676,795370.8
2021-12-05,936417.17,804864.1
2021-12-06,959535.664,822841.3
2021-12-07,982654.158,774150.44
2021-12-08,1005772.652,752944.9
2021-12-09,1028891.146,705399.75
2021-12-10,1052009.64,697943.94
2021-12-11,566169.04,658481.94
2021-12-12,756992.625,657373.5
2021-12-13,947816.21,601012.7
2021-12-14,701177.5,607972.4
2021-12-15,351790.75,589128.5
2021-12-16,623653.08,585636.0
2021-12-17,829019.25,544526.3
2021-12-18,253954.61,483058.12
2021-12-19,317314.305,419105.94
2021-12-20,380674.0,405778.22
2021-12-21,334109.07,387050.22
2021-12-22,506111.88,371416.4
2021-12-23,394931.75,369744.7
2021-12-24,607444.92,364890.94
2021-12-25,184703.59,364352.03
2021-12-26,298522.515,355843.94
2021-12-27,412341.44,363681.84
2021-12-28,304916.82,371076.2
2021-12-29,336774.62,360185.78
2021-12-30,194950.33,370777.94
2021-12-31,232717.85,370740.4
2022-01-01,376459.3533333333,382063.22
2022-01-02,520200.8566666666,402337.88
2022-01-03,663942.36,402237.22
2022-01-04,540658.3,413265.3
2022-01-05,422313.83,414223.47
2022-01-06,616998.65,429717.53
2022-01-07,380269.73,429431.47
2022-01-08,186303.69,443264.03
2022-01-09,361536.91,441065.9
2022-01-10,536770.13,455931.5
2022-01-11,474866.0,446984.6
2022-01-12,304170.86,456721.75
2022-01-13,471236.0,456126.0
2022-01-14,652199.46,478495.72
2022-01-15,96123.0,469897.88
2022-01-16,318505.105,484763.88
2022-01-17,540887.21,476076.84
2022-01-18,565133.04,472924.88
2022-01-19,428954.84,479081.38
2022-01-20,781188.67,471406.2
2022-01-21,394411.62,464354.4
2022-01-22,380023.08,455182.84
2022-01-23,584467.72,451078.28
2022-01-24,788912.36,443524.8
2022-01-25,531850.85,434029.03
2022-01-26,518099.18,428498.84
2022-01-27,553369.48,418743.6
2022-01-28,756251.78,409250.8
2022-01-29,316424.75,401882.66
2022-01-30,166571.5,388928.16
2022-01-31,7857.5,389501.2
2022-02-01,36473.44,385405.56
2022-02-02,65089.380000000005,389496.34
2022-02-03,93705.32,389091.34
2022-02-04,122321.26,393837.6
2022-02-05,150937.2,399953.56
2022-02-06,368649.265,411535.0
2022-02-07,586361.33,427681.2
2022-02-08,514005.93,437006.34
2022-02-09,682551.4299999999,446227.75
2022-02-10,796075.33,443073.62
2022-02-11,735011.64,452533.97
2022-02-12,333513.99,451982.56
2022-02-13,580581.525,463174.3
2022-02-14,827649.06,467289.7
2022-02-15,406047.21,472986.4
2022-02-16,558320.47,469858.6
2022-02-17,517900.15,489995.72
2022-02-18,380242.5,494912.53
2022-02-19,99132.38,496158.47
2022-02-20,326620.665,488699.03
2022-02-21,554108.95,474020.8
2022-02-22,403854.42,480061.88
2022-02-23,556034.29,489713.88
2022-02-24,364765.39,485250.1
2022-02-25,789279.55,488013.44
2022-02-26,205386.8,486115.44
2022-02-27,394351.27,484752.47
2022-02-28,583315.74,477402.44
2022-03-01,241854.49,486513.75
2022-03-02,439835.74,478163.25
2022-03-03,388548.06,483715.72
2022-03-04,596077.36,470687.44
2022-03-05,461594.26,477315.3
2022-03-06,496739.255,457849.84
2022-03-07,531884.25,477813.3
2022-03-08,599439.37,474987.62
2022-03-09,436453.92,471575.72
2022-03-10,353364.87,448186.03
2022-03-11,354973.0,445128.84
2022-03-12,298164.5,431448.62
2022-03-13,351398.71,425879.75
2022-03-14,404632.92,422131.88
2022-03-15,417973.06,395988.75
2022-03-16,358139.03,386201.62
2022-03-17,217414.0,398652.84
2022-03-18,395653.93,395572.22
2022-03-19,218758.41,397588.4
2022-03-20,350722.94999999995,376970.34
2022-03-21,482687.49,383148.16
2022-03-22,357571.81,366792.03
2022-03-23,313324.0,391585.03
2022-03-24,408994.41,383182.4
2022-03-25,421322.5,400756.5
2022-03-26,196512.2,385409.9
2022-03-27,360247.975,401672.47
2022-03-28,523983.75,380694.53
2022-03-29,425177.75,397680.16
2022-03-30,365050.08,380610.03
2022-03-31,288182.0,403619.25
2022-04-01,487740.25,386424.38
2022-04-02,279353.9,395802.53
2022-04-03,459687.7,375133.56
2022-04-04,640021.5,392892.94
2022-04-05,376468.31,372985.06
2022-04-06,578353.72,384666.38
2022-04-07,469082.45,368331.75
2022-04-08,517300.4,376090.22
2022-04-09,20400.45,359245.34
2022-04-10,223252.075,364204.25
2022-04-11,426103.7,353715.06
2022-04-12,459577.61,351200.47
2022-04-13,419631.83,346358.28
2022-04-14,387477.97,355881.4
2022-04-15,491392.45,347320.75
2022-04-16,139489.21,344770.03
2022-04-17,378184.41,350439.25
2022-04-18,616879.61,366675.9
2022-04-19,117177.72,360155.94
2022-04-20,543721.67,368481.97
2022-04-21,563132.77,357978.1
2022-04-22,601348.6599999999,370969.47
2022-04-23,88983.11,363641.5
2022-04-24,339717.72,368303.8
2022-04-25,590452.33,362919.47
2022-04-26,639941.63,373317.6
2022-04-27,485316.36,373757.6
2022-04-28,381013.16,363213.12
2022-04-29,438670.36,364907.47
2022-04-30,37468.75,366315.72
2022-05-01,286963.955,375927.4
2022-05-02,536459.1599999999,371238.34
2022-05-03,467117.148,380556.0
2022-05-04,559856.0,391070.28
2022-05-05,85815.45,386671.7
2022-05-06,593473.9299999999,397181.78
2022-05-07,321541.75,392381.6
2022-05-08,438711.625,399403.47
2022-05-09,555881.5,399445.88
2022-05-10,668690.25,395439.4
2022-05-11,497670.12,399677.53
2022-05-12,533682.56,394609.34
2022-05-13,545721.54,393722.94
2022-05-14,391162.59,382972.38
2022-05-15,519747.845,380264.53
2022-05-16,648333.1,372919.62
2022-05-17,552523.84,373921.78
2022-05-18,629580.475,363069.5
2022-05-19,396749.25,354968.22
2022-05-20,325127.82,341923.84
2022-05-21,105790.68,324561.0
2022-05-22,407195.9900000001,319034.28
2022-05-23,708601.3,302009.84
2022-05-24,391080.23,304417.78
2022-05-25,385431.03,288873.4
2022-05-26,296283.3,292913.84
2022-05-27,352303.38,286495.0
2022-05-28,133304.07,288494.78
2022-05-29,244453.9,277967.4
2022-05-30,355603.73,278229.4
2022-05-31,181029.15,274403.6
2022-06-01,233439.5,273561.94
2022-06-02,344762.5,279217.94
2022-06-03,254600.87,283232.88
2022-06-04,177392.42,276511.03
2022-06-05,210802.105,279863.94
2022-06-06,244211.79,264890.0
2022-06-07,283670.09,246323.36
2022-06-08,275372.65,246578.08
2022-06-09,368873.04,225994.73
2022-06-10,367752.75,241006.94
2022-06-11,230081.26,224877.55
2022-06-12,353812.815,243933.95
2022-06-13,477544.37,226935.34
2022-06-14,420804.5,244261.33
2022-06-15,213436.94,218908.89
2022-06-16,136224.75,217451.92
2022-06-17,231138.02,192070.95
2022-06-18,98539.9,201745.7
2022-06-19,143875.385,197405.23
2022-06-20,189210.87,206079.67
2022-06-21,182637.69,203434.25
2022-06-22,230068.83,211230.38
2022-06-23,122734.09,210467.1
2022-06-24,201240.43,211589.05
2022-06-25,74269.25,207282.05
2022-06-26,168633.755,188727.84
2022-06-27,262998.26,186901.4
2022-06-28,101391.65,175019.06
2022-06-29,142587.19,181930.47
2022-06-30,114127.75,182242.72
2022-07-01,138638.5,177515.58
2022-07-02,99799.75,164807.06
2022-07-03,138404.14500000002,178123.97
2022-07-04,177008.54,190301.6
2022-07-05,368594.39,198692.06
2022-07-06,330023.27,204306.97
2022-07-07,131707.97,203583.14
2022-07-08,238066.79,203057.72
2022-07-09,53294.92,194489.39
2022-07-10,207228.66000000003,193397.64
2022-07-11,361162.4,188867.89
2022-07-12,236389.13,188011.61
2022-07-13,269317.04,184963.14
2022-07-14,165092.09,178184.55
2022-07-15,204538.72,167950.94
2022-07-16,150699.53999999998,158980.45
2022-07-17,248607.45,161828.17
2022-07-18,346515.36,162164.42
2022-07-19,135938.81,161488.27
2022-07-20,185469.11,154392.11
2022-07-21,101471.16,145109.86
2022-07-22,126350.0,148401.23
2022-07-23,46962.45,152240.58
2022-07-24,84383.13,153658.98
2022-07-25,121803.81,152805.52
2022-07-26,217531.29,153784.58
2022-07-27,141849.74,158840.92
2022-07-28,98294.6,162043.89
2022-07-29,118070.35,172424.4
2022-07-30,23300.0,175403.14
2022-07-31,113840.69,182762.78
2022-08-01,204381.38,175128.53
2022-08-02,152179.27000000002,177196.97
2022-08-03,160405.93,191436.95
2022-08-04,180751.46,178024.6
2022-08-05,271896.64,195667.36
2022-08-06,111117.49,185155.28
2022-08-07,210545.78500000003,203039.56
2022-08-08,309974.08,195393.08
2022-08-09,187210.36,207125.61
2022-08-10,90792.28,189651.27
2022-08-11,218398.9,215591.9
2022-08-12,186313.69,213600.52
2022-08-13,105469.54,232100.72
2022-08-14,144357.89,214418.4
2022-08-15,183246.24,243556.06
2022-08-16,371032.0,214521.34
2022-08-17,297089.46,224735.17
2022-08-18,278697.39,211438.3
2022-08-19,155134.34,225313.39
2022-08-20,95263.54,212992.83
2022-08-21,202301.805,221828.16
2022-08-22,309340.07,211395.58
2022-08-23,184591.23,215351.47
2022-08-24,250005.97,207724.83
2022-08-25,134279.27,215590.16
2022-08-26,147730.31,206845.89
2022-08-27,165243.51,213487.62
2022-08-28,150294.58000000002,208214.94
2022-08-29,135345.65,214564.95
2022-08-30,110712.5,213589.88
2022-08-31,65054.85,214470.0
2022-09-01,117524.27,213119.42
2022-09-02,190482.84,221809.47
2022-09-03,279520.3,229597.88
2022-09-04,2528.0,234536.34
2022-09-05,236751.96,237262.58
2022-09-06,117677.75,243847.28
2022-09-07,101697.9,170837.05
2022-09-08,345270.92000000004,190978.03
2022-09-09,41867.0,181131.03
2022-09-10,64245.762,208498.62
2022-09-11,86624.524,205045.95
2022-09-12,109003.286,228831.48
2022-09-13,131382.048,224112.25
2022-09-14,153760.81,244933.88
2022-09-15,210695.02,230621.77
2022-09-16,284075.62,247644.78
2022-09-17,153663.84,235713.58
2022-09-18,201466.35,258366.1
2022-09-19,249268.86,249309.44
2022-09-20,231773.97,261475.25
2022-09-21,374525.14,259441.16
2022-09-22,222230.83,277102.22
2022-09-23,331803.4,272408.1
2022-09-24,187254.51,293452.4
2022-09-25,308789.32,293546.1
2022-09-26,430324.13,312061.62
2022-09-27,388299.43,312269.12
2022-09-28,279989.04000000004,320515.56
2022-09-29,357526.49,330881.16
2022-09-30,203084.92,334608.6
2022-10-01,167074.68,341403.06
2022-10-02,236406.26,339193.25
2022-10-03,305737.84,349633.03
2022-10-04,173499.46,352162.72
2022-10-05,230644.3,350577.12
2022-10-06,260225.58,363140.4
2022-10-07,552209.59,366738.56
2022-10-08,560898.9199999999,374411.56
2022-10-09,467651.71,382965.28
2022-10-10,374404.5,393608.72
2022-10-11,367665.96,398149.12
2022-10-12,521514.68000000005,391444.9
2022-10-13,576652.17,406494.6
2022-10-14,587118.13,399590.75
2022-10-15,333378.04,407804.72
2022-10-16,467605.97,395701.75
2022-10-17,601833.9,408189.0
2022-10-18,478751.02,397238.53
2022-10-19,388589.65,415144.88
2022-10-20,345266.07,417075.16
2022-10-21,339321.7,426699.78
2022-10-22,370015.37,416019.53
2022-10-23,435598.35,419339.53
2022-10-24,501181.33,413448.2
2022-10-25,474576.38,421500.7
2022-10-26,355748.77,424065.06
2022-10-27,359256.0,429356.88
2022-10-28,461191.14,417541.62
2022-10-29,322257.87,423495.06
2022-10-30,362718.105,413801.03
2022-10-31,403178.34,421780.62
2022-11-01,620447.95,412327.66
2022-11-02,603008.43,419183.22
2022-11-03,574476.83,409966.28
2022-11-04,339516.5,417527.56
2022-11-05,255877.72,416156.97
2022-11-06,396868.995,440523.38
2022-11-07,537860.27,452594.7
2022-11-08,381266.14,460301.62
2022-11-09,575718.89,451557.22
2022-11-10,519377.99,454966.94
2022-11-11,584778.53,444411.1
2022-11-12,595933.02,444183.44
2022-11-13,523768.97,442336.44
2022-11-14,451604.92,467383.8
2022-11-15,642646.4099999999,481554.6
2022-11-16,640632.1,503394.8
2022-11-17,540565.08,519640.9
2022-11-18,920789.81,529521.8
2022-11-19,454243.28,521906.44
2022-11-20,605149.11,517512.9
2022-11-21,756054.94,517171.44
2022-11-22,764657.38,516897.1
2022-11-23,575863.24,538992.94
2022-11-24,367909.32,546816.25
2022-11-25,770383.11,571786.4
2022-11-26,424650.38,564736.94
2022-11-27,611744.29,566399.7
2022-11-28,798838.2000000001,573086.25
2022-11-29,856332.75,591464.0
2022-11-30,477268.28,595261.6
2022-12-01,842697.1599999999,595916.8
2022-12-02,834729.91,703698.44
2022-12-03,382018.61,731638.1
2022-12-04,761125.46,827170.2
2022-12-05,1140232.31,800160.5
2022-12-06,1416155.23,876693.1
2022-12-07,1107626.65,888218.1
2022-12-08,1228031.9,918699.5
2022-12-09,1039106.58,903376.3
2022-12-10,387907.25,898617.06
2022-12-11,1000685.11,865216.06
2022-12-12,1613462.97,846904.9
2022-12-13,1243881.5,832107.0
2022-12-14,705771.3125,796536.94
2022-12-15,889211.84,748163.75
2022-12-16,976146.55,686193.0
2022-12-17,575531.2,657438.5
2022-12-18,716524.995,604119.75
2022-12-19,857518.79,555505.3
2022-12-20,305205.37,487342.72
2022-12-21,416482.5,483863.06
2022-12-22,307303.9575,449740.62
2022-12-23,358015.64,460427.12
2022-12-24,125644.25,414003.8
2022-12-25,334594.005,384099.94
2022-12-26,543543.76,348308.72
2022-12-27,441843.94,359340.72
2022-12-28,421212.02,364330.9
2022-12-29,597401.91,389810.3
2022-12-30,297252.92,403325.0
2022-12-31,155170.95,426832.28
2023-01-01,331482.1266666667,441998.72
2023-01-02,507793.3033333333,462658.88
2023-01-03,684104.48,473700.62
2023-01-04,611697.4500000001,487012.72
2023-01-05,577650.25,494634.16
2023-01-06,637362.34,508909.1
2023-01-07,212285.38,511870.66
2023-01-08,459210.26,518504.0
2023-01-09,706135.14,515258.6
2023-01-10,650163.53,512002.1
2023-01-11,767569.17,510738.97
2023-01-12,450130.14,503908.94
2023-01-13,548925.63,497388.47
2023-01-14,188890.01,488754.6
2023-01-15,433365.76,445696.12
2023-01-16,677841.51,372445.75
2023-01-17,492971.01,370501.6
2023-01-18,317184.01,367392.34
2023-01-19,283905.81,357253.88
2023-01-20,352963.79,343662.47
2023-01-21,34329.0,337372.94
2023-01-22,118071.02,319460.6
2023-01-23,201813.04,318682.88
2023-01-24,285555.05999999994,309766.4
2023-01-25,369297.08,312572.94
2023-01-26,453039.1,316202.47
2023-01-27,486467.1,312171.47
2023-01-28,72848.58,321975.03
2023-01-29,282740.865,335583.62
2023-01-30,492633.15,361684.72
2023-01-31,272618.97,364540.88
2023-02-01,385238.29,385228.75
2023-02-02,385751.18,391691.7
2023-02-03,485630.93,414607.94
2023-02-04,308823.76,422979.3
2023-02-05,447278.075,445175.72
2023-02-06,585732.39,454106.66
2023-02-07,331869.13,469248.44
2023-02-08,547986.02,476006.5
2023-02-09,458779.63,477358.75
2023-02-10,444504.8,486197.25
2023-02-11,195331.73,486944.28
2023-02-12,421016.515,498728.88
2023-02-13,646701.2999999999,479556.3
2023-02-14,512134.13,489713.72
2023-02-15,473514.62,476628.7
2023-02-16,457212.62,478939.12
2023-02-17,557204.27,463553.2
2023-02-18,346511.07,457100.47
2023-02-19,458024.295,441755.34
2023-02-20,569537.52,439722.53
2023-02-21,540290.02,439459.03
2023-02-22,314262.55,434466.03
2023-02-23,589715.76,423561.56
2023-02-24,450365.45,414003.28
2023-02-25,219414.17,410227.3
2023-02-26,340221.965,397667.94
2023-02-27,461029.76,398952.53
2023-02-28,249761.16,393468.7
2023-03-01,410202.1,390520.22
2023-03-02,471521.49,381881.62
2023-03-03,431573.62,368212.0
2023-03-04,230972.91,372528.8
2023-03-05,354056.73500000004,372768.88
2023-03-06,477140.56000000006,357853.7
2023-03-07,412403.31,349131.5
2023-03-08,219998.26,336933.5
2023-03-09,403817.35,331896.1
2023-03-10,315639.97,322699.28
2023-03-11,137701.75,315875.62
2023-03-12,217069.28,308329.03
2023-03-13,296436.81,315441.4
2023-03-14,401964.65,290154.78
2023-03-15,312542.51,301077.62
2023-03-16,203307.15,302111.72
2023-03-17,244425.69,281820.03
2023-03-18,88042.35,288670.78
2023-03-19,308765.38,279229.22
2023-03-20,529488.41,278779.2
2023-03-21,414729.86,276181.0
2023-03-22,429991.13,276431.28
2023-03-23,289489.78,286895.28
2023-03-24,390823.09,293075.88
2023-03-25,82378.09,298564.7
2023-03-26,254343.295,304002.75
2023-03-27,426308.5,316793.78
2023-03-28,452713.9,327872.38
2023-03-29,519773.2,341884.12
2023-03-30,492979.9,335882.84
2023-03-31,348765.34,347051.5
2023-04-01,136418.37,344578.44
2023-04-02,306109.175,353056.56
2023-04-03,475799.98,349551.66
2023-04-04,518785.68,351698.16
2023-04-05,513288.01,357928.0
2023-04-06,405582.53,350155.56
2023-04-07,481618.76,388986.03
2023-04-08,97213.16,364311.38
2023-04-09,364426.875,374638.28
2023-04-10,631640.59,391980.78
2023-04-11,409276.92,383983.34
2023-04-12,577264.46,400507.1
2023-04-13,455741.4,374926.2
2023-04-14,417742.76,381166.34
2023-04-15,189198.22,384795.0
2023-04-16,360293.605,373657.44
2023-04-17,531388.99,371552.16
2023-04-18,612521.08,367508.53
2023-04-19,623406.2,373280.62
2023-04-20,364251.26,375827.84
2023-04-21,506071.06,379284.06
2023-04-22,140337.97,379035.2
2023-04-23,360542.66,385160.56
2023-04-24,580747.35,386865.44
2023-04-25,497295.59,376631.44
2023-04-26,449253.67,375411.44
2023-04-27,439889.56,354729.53
2023-04-28,540798.15,355333.2
2023-04-29,77991.19,349059.06
2023-04-30,293726.365,369615.72
2023-05-01,509461.54,351617.03
2023-05-02,472006.1,359060.47
2023-05-03,512831.98,354052.56
2023-05-04,400168.55,366098.16
2023-05-05,414097.21,358274.06
2023-05-06,67069.59,372713.4
2023-05-07,325858.585,385964.72
2023-05-08,584647.58,408835.56
2023-05-09,648784.37,402534.12
2023-05-10,460826.57,414111.38
2023-05-11,593996.39,440356.44
2023-05-12,497704.71,441587.12
2023-05-13,195332.71,465317.03
2023-05-14,427625.99,447160.78
2023-05-15,659919.27,460449.94
2023-05-16,668760.81,433521.06
2023-05-17,696764.46,451400.0
2023-05-18,567345.05,432003.4
2023-05-19,406388.25,434013.56
2023-05-20,227589.7,395026.7
2023-05-21,349796.03500000003,374614.12
2023-05-22,472002.37,348770.12
2023-05-23,435655.34,333261.72
2023-05-24,421526.408,324083.5
2023-05-25,353165.65,299882.6
2023-05-26,287288.21400000004,304048.7
2023-05-27,146249.59840000002,280621.44
2023-05-28,153332.6642,277067.7
2023-05-29,160415.73,238558.78
2023-05-30,115601.81,254138.62
2023-05-31,204120.05,223594.94
2023-06-01,382275.39,219294.9
2023-06-02,278940.6,209304.0
2023-06-03,133956.05,232166.72
2023-06-04,261291.435,215110.2
2023-06-05,388626.82,241156.02
2023-06-06,173506.45,226627.88
2023-06-07,217702.4,248360.23
2023-06-08,228580.104,226694.73
2023-06-09,267345.79000000004,242041.05
2023-06-10,113663.814,222487.36
2023-06-11,164084.472,237529.11
2023-06-12,214505.13,219649.78
2023-06-13,204303.365,231052.75
2023-06-14,332067.87,213608.02
2023-06-15,177851.701,223229.42
2023-06-16,204508.848,211325.14
2023-06-17,85964.87359999999,223697.9
2023-06-18,132442.6668,215541.78
2023-06-19,178920.46,230220.27
2023-06-20,275751.33,224634.52
2023-06-21,308848.065,231633.92
2023-06-22,197027.29,204624.06
2023-06-23,501371.9284,196279.97
2023-06-24,271297.42,176646.1
2023-06-25,278555.195,188044.08
2023-06-26,285812.97000000003,184563.69
2023-06-27,135287.131,176715.36
2023-06-28,189167.986,152455.72
2023-06-29,254764.02,153480.42
2023-06-30,193906.74,175584.33
2023-07-01,147666.49,201411.84
2023-07-02,253238.99,218719.61
2023-07-03,358811.49,215593.78
2023-07-04,520333.834,239600.84
2023-07-05,512288.22,231657.31
2023-07-06,227227.508,247200.38
2023-07-07,302894.87,219548.28
2023-07-08,273499.02,233328.45
2023-07-09,346467.79000000004,228728.2
2023-07-10,419436.56,246321.27
2023-07-11,204567.712,232432.62
2023-07-12,322642.78,247500.23
2023-07-13,288974.238,237716.28
2023-07-14,321124.73,295494.44
2023-07-15,101679.52,266205.88
2023-07-16,200221.115,271905.1
2023-07-17,298762.71,267467.3
2023-07-18,267557.1,289588.53
2023-07-19,252990.41,307041.3
2023-07-20,280122.658,315803.44
2023-07-21,490999.43,326841.88
2023-07-22,235294.5,340294.34
2023-07-23,242604.085,339032.28
2023-07-24,249913.67,356094.7
2023-07-25,190232.61,349775.88
2023-07-26,257158.706,355921.47
2023-07-27,203219.498,344403.56
2023-07-28,159600.70799999998,343136.1
2023-07-29,19116.0,328106.38
2023-07-30,57680.255000000005,325281.53
2023-07-31,96244.51,308763.53
2023-08-01,274872.32,306884.34
2023-08-02,169844.844,294363.5
2023-08-03,233847.572,301982.78
2023-08-04,192647.17,292624.53
2023-08-05,86833.59000000001,280032.72
2023-08-06,145508.475,271267.84
2023-08-07,204183.36,259652.89
2023-08-08,154842.258,249354.55
2023-08-09,236000.35,233903.31
2023-08-10,108231.48,217651.16
2023-08-11,108956.85,209040.78
2023-08-12,160536.322,221094.25
2023-08-13,193343.546,238688.8
2023-08-14,226150.77,239357.12
2023-08-15,249651.85,249837.66
2023-08-16,178052.06,258284.39
2023-08-17,124072.438,248287.23
2023-08-18,159852.34,262068.67
2023-08-19,137357.83,237277.94
2023-08-20,173113.505,252592.8
2023-08-21,208869.18,224506.45
2023-08-22,225860.77,237904.97
2023-08-23,238178.898,211481.64
2023-08-24,225184.794,221208.75
2023-08-25,137787.95,192388.06
2023-08-26,182763.75,193116.45
2023-08-27,307196.41500000004,167808.95
2023-08-28,431629.08,180665.81
2023-08-29,169405.142,164672.5
2023-08-30,158560.38,174615.5
2023-08-31,63699.998,180229.38
2023-09-01,235085.34,176389.34
2023-09-02,163340.80000000002,171628.81
2023-09-03,198415.04,172826.9
2023-09-04,233489.28,179366.62
2023-09-05,350409.812,177661.56
2023-09-06,461466.17,185323.9
2023-09-07,233008.58,180755.05
2023-09-08,291017.92000000004,190227.12
2023-09-09,199424.774,188241.19
2023-09-10,270999.762,198222.53
2023-09-11,342574.75,196027.44
2023-09-12,357460.908,205701.52
2023-09-13,379970.4,204025.95
2023-09-14,152098.806,207939.0
2023-09-15,162455.11000000002,207068.34
2023-09-16,152145.98,239786.69
2023-09-17,219269.335,220570.86
2023-09-18,286392.69,244291.61
2023-09-19,480543.35,216616.56
2023-09-20,475413.53,252055.5
2023-09-21,455970.85,224986.22
2023-09-22,519229.37,270985.16
2023-09-23,791388.06,267023.88
2023-09-24,630.0,279949.12
2023-09-25,934082.55,273915.88
2023-09-26,596451.26,281973.25
2023-09-27,312068.408,294933.97
2023-09-28,60365.6,301078.2
2023-09-29,178122.774,310402.56
2023-09-30,295879.948,320939.6
2023-10-01,413637.122,333076.3
2023-10-02,531394.296,334117.7
2023-10-03,649151.47,354116.34
2023-10-04,719986.402,346820.7
2023-10-05,549457.7,362041.8
2023-10-06,423656.77,341500.97
2023-10-07,369469.215,359190.62
2023-10-08,407312.9125,337820.56
2023-10-09,445156.61,363198.88
2023-10-10,414187.06,340829.03
2023-10-11,487415.19,363182.38
2023-10-12,443550.7,342348.53
2023-10-13,434334.55,367403.3
2023-10-14,401190.64,351344.75
2023-10-15,369674.72,374209.44
2023-10-16,338158.8,361701.6
2023-10-17,481336.41,381910.6
2023-10-18,477741.44,369076.2
2023-10-19,661805.93,384144.97
2023-10-20,357822.304,381661.2
2023-10-21,259715.28,396233.72
2023-10-22,330536.66,395228.12
2023-10-23,401358.04,413316.88
2023-10-24,429279.29,402314.97
2023-10-25,319950.45,411204.53
2023-10-26,379797.63,400034.3
2023-10-27,315993.02,408874.88
2023-10-28,221066.71,403345.25
2023-10-29,233430.195,414564.22
2023-10-30,245793.68,409500.47
2023-10-31,204763.44,410787.8
2023-11-01,269272.31,407119.44
2023-11-02,352929.63,408241.12
2023-11-03,570976.3256,405987.94
2023-11-04,381375.93,410386.1
2023-11-05,374433.255,413828.8
2023-11-06,367490.58,421091.12
2023-11-07,350963.8696,413910.6
2023-11-08,315541.91000000003,409200.84
2023-11-09,479656.47,460317.56
2023-11-10,714013.708,463334.84
2023-11-11,576368.09,474049.66
2023-11-12,608090.3049999999,499776.56
2023-11-13,639812.52,527060.9
2023-11-14,298602.3,588753.75
2023-11-15,438561.59,607944.44
2023-11-16,298172.4,642620.7
2023-11-17,678086.91,643679.0
2023-11-18,216484.37,666866.6
2023-11-19,419136.815,600927.9
2023-11-20,621789.26,637543.94
2023-11-21,638040.39,653201.6
2023-11-22,770014.2,668922.25
2023-11-23,785191.176,631218.2
2023-11-24,915029.2,635777.0
2023-11-25,321337.42,694076.0
2023-11-26,566793.3404,780695.7
2023-11-27,812249.2608,840670.06
2023-11-28,577859.7,846164.06
2023-11-29,781820.02,855203.8
2023-11-30,616240.39,845105.8
2023-12-01,1227116.31,862560.6
2023-12-02,448584.79,820416.06
2023-12-03,666058.0,831025.75
2023-12-04,883531.21,779547.3
2023-12-05,987959.7,776487.75
2023-12-06,804558.44,706875.0
2023-12-07,876630.5700000001,698947.56
2023-12-08,1301790.99,663343.75
2023-12-09,512209.76,669208.7
2023-12-10,617829.845,630209.0
2023-12-11,723449.93,646225.0
2023-12-12,307376.7,589100.3
2023-12-13,500076.51,553954.6
2023-12-14,567977.98,439034.2
2023-12-15,723846.96,448701.25
2023-12-16,360418.7584,373805.34
2023-12-17,394657.9492,333868.1
2023-12-18,428897.14,304121.28
2023-12-19,348040.795,284373.5
2023-12-20,397842.05,275230.72
2023-12-21,263489.39,256245.52
2023-12-22,543498.08,250418.64
2023-12-23,275756.74,227243.48
2023-12-24,308706.695,221938.58
2023-12-25,341656.65,198025.6
2023-12-26,453503.27,209697.33
2023-12-27,305857.44,210730.23
2023-12-28,483100.89,217999.56
2023-12-29,315425.35000000003,222179.27
2023-12-30,219734.34,231686.97
2023-12-31,182492.755,240975.31
2024-01-01,145251.16999999998,253519.05
2024-01-02,108009.585,266929.03
2024-01-03,70768.0,273571.6
2024-01-04,175510.398,283668.47
2024-01-05,280252.796,286629.12
2024-01-06,384995.194,291780.28
2024-01-07,489737.592,289890.03
2024-01-08,594479.99,289531.3
2024-01-09,513037.91,299146.2
2024-01-10,314702.84,300047.5
2024-01-11,377857.67,300822.44
2024-01-12,362528.9956,293832.0
2024-01-13,157353.76,307150.8
2024-01-14,379560.105,313217.44
2024-01-15,601766.45,334355.66
2024-01-16,510005.85,337586.7
2024-01-17,336790.93,367683.03
2024-01-18,402893.07,371327.47
2024-01-19,447442.23,360848.28
2024-01-20,140515.29,325374.78
2024-01-21,332974.525,300961.6
2024-01-22,525433.76,275094.84
2024-01-23,429672.92,254824.14
2024-01-24,355597.4968,239954.42
2024-01-25,348109.09,257646.36
2024-01-26,377892.46,245205.14
2024-01-27,141180.7,278399.8
2024-01-28,337841.72,264059.22
2024-01-29,534502.74,294989.72
2024-01-30,652930.49,276025.1
2024-01-31,307340.73,306735.7
2024-02-01,500046.57,289225.12
2024-02-02,454026.99,324865.38
2024-02-03,247826.66,304203.34
2024-02-04,427981.345,325173.2
2024-02-05,608136.03,300562.8
2024-02-06,410340.6,304934.16
2024-02-07,436267.21,279090.2
2024-02-08,350913.76,283136.75
2024-02-09,56193.39,264653.88
2024-02-10,124655.448,278660.6
2024-02-11,193117.506,266730.16
2024-02-12,261579.56399999995,287663.12
2024-02-13,330041.622,283474.25
2024-02-14,398503.68,306933.88
2024-02-15,518955.37,307631.75
2024-02-16,455958.9,324082.44
2024-02-17,183036.07,338211.5
2024-02-18,364893.12,345675.47
2024-02-19,546750.1699999999,369263.0
2024-02-20,439497.71,326897.1
2024-02-21,479740.03,265168.06
2024-02-22,265290.8,250889.56
2024-02-23,332739.24,230619.8
2024-02-24,109993.14,227395.66
2024-02-25,350220.215,218509.5
2024-02-26,590447.29,219222.39
2024-02-27,545757.25,203489.38
2024-02-28,435871.58,216405.44
2024-02-29,452309.73,198318.2
2024-03-01,311960.51,205440.19
2024-03-02,190696.528,184551.16
2024-03-03,338755.629,190251.95
2024-03-04,486814.73,195346.0
2024-03-05,439601.22,204296.66
2024-03-06,473802.77,199750.84
2024-03-07,469519.492,208093.47
2024-03-08,369944.292,218144.78
2024-03-09,219571.062,221441.11
2024-03-10,408962.4859999999,239037.17
2024-03-11,598353.9099999999,265632.5
2024-03-12,395919.346,270288.84
2024-03-13,398299.9325,278844.94
2024-03-14,400079.96,277355.38
2024-03-15,355023.88800000004,279767.97
2024-03-16,219439.258,295176.03
2024-03-17,325619.309,300723.06
2024-03-18,431799.36,313895.66
2024-03-19,370985.106,325306.38
2024-03-20,484918.822,336174.66
2024-03-21,358787.142,388574.47
2024-03-22,250427.532,407063.9
2024-03-23,189870.264,495114.25
2024-03-24,362332.987,456257.2
2024-03-25,534795.71,530338.75
2024-03-26,416451.2,460463.7
2024-03-27,319667.918,426926.12
2024-03-28,385230.55,377888.84
2024-03-29,387516.72,394054.97
2024-03-30,58990.434,378360.66
2024-03-31,219975.376,389745.5
2024-04-01,380960.318,383815.34
2024-04-02,470156.624,407579.84
2024-04-03,443576.404,397701.8
2024-04-04,275058.53,416060.44
2024-04-05,478413.2156,398324.28
2024-04-06,113066.1844,398467.6
2024-04-07,284193.93019999994,384333.4
2024-04-08,455321.676,403459.3
2024-04-09,457083.9115,381264.7
2024-04-10,392570.85,405907.16
2024-04-11,448990.73,376751.16
2024-04-12,505914.754,394643.84
2024-04-13,119512.35,365084.7
2024-04-14,320446.49,371477.6
2024-04-15,521380.63,345686.2
2024-04-16,437076.33,351556.44
2024-04-17,505061.3,322986.94
2024-04-18,242854.7,318613.9
2024-04-19,548923.36,304131.3
2024-04-20,109468.96,305646.22
2024-04-21,362644.312,294772.06
2024-04-22,615819.664,332978.7
2024-04-23,509730.542,339831.25
2024-04-24,527563.0244,308476.4
2024-04-25,575777.63,346065.8
2024-04-26,607275.8300000001,315646.8
2024-04-27,244570.78,352496.66
2024-04-28,389938.44,319881.88
2024-04-29,535306.1,353719.28
2024-04-30,464208.82,310748.22
2024-05-01,513565.0,347685.97
2024-05-02,589688.336,287537.4
2024-05-03,662915.9,325340.06
2024-05-04,505604.2668,280007.25
2024-05-05,505356.5183,313960.94
2024-05-06,505108.7698,270493.16
2024-05-07,577280.7528,339683.7
2024-05-08,533495.0768,344049.1
2024-05-09,632283.9137,336344.44
2024-05-10,800909.6962,356372.78
2024-05-11,202147.8584,361671.28
2024-05-12,351535.64560000005,390932.84
2024-05-13,500923.4328,381081.78
2024-05-14,617861.3815,384588.12
2024-05-15,662758.5194000001,386382.88
2024-05-16,487285.0308,390463.38
2024-05-17,591764.7487,392087.6
2024-05-18,205163.8929,388438.03
2024-05-19,415248.26995,392916.56
2024-05-20,625332.647,386286.9
2024-05-21,565816.872,383264.22
2024-05-22,554835.4496,369126.62
2024-05-23,545380.3384,358904.1
2024-05-24,578407.9400000001,346401.94
2024-05-25,369772.5702,339544.38
2024-05-26,532214.37735,330547.03
2024-05-27,694656.1845,316636.44
2024-05-28,605970.0475999999,303225.7
2024-05-29,613849.3942,287240.66
2024-05-30,502999.7902,290873.9
2024-05-31,462997.6658,280865.44
2024-06-01,218709.5839,286433.06
2024-06-02,272329.0952,273387.3
2024-06-03,325948.6065,274768.6
2024-06-04,276932.778,264019.16
2024-06-05,404181.0839,267787.34
2024-06-06,241019.4172,260991.78
2024-06-07,209511.7994,262647.84
2024-06-08,109486.77999999998,254563.23
2024-06-09,162048.79095,241042.48
2024-06-10,214610.8019,217945.95
2024-06-11,216066.9307,195990.36
2024-06-12,187399.9047,201798.66
2024-06-13,237342.0061,203895.94
2024-06-14,227777.7791,213339.62
2024-06-15,68767.0289,214367.28
2024-06-16,154635.01795,219213.25
2024-06-17,240503.007,216086.86
2024-06-18,221373.4189,212879.16
2024-06-19,239784.494,215243.16
2024-06-20,208110.0444,215985.92
2024-06-21,393111.9492,213919.22
2024-06-22,174923.4761,209669.55
2024-06-23,184152.69805,183523.81
2024-06-24,193381.92,186371.11
2024-06-25,314495.71410000004,139193.3
2024-06-26,349206.0072,154966.66
2024-06-27,322290.3967,144617.31
2024-06-28,228082.3586,161244.16
2024-06-29,190877.3208,159027.16
2024-06-30,164921.03720000002,162741.73
2024-07-01,138964.7536,148257.06
2024-07-02,230864.0286,169454.81
2024-07-03,139475.1113,160105.48
2024-07-04,218064.1069,189574.19
2024-07-05,161938.8706,146598.77
2024-07-06,68274.50289999999,174937.86
2024-07-07,167517.2193,140183.12
2024-07-08,266759.9357,170176.39
2024-07-09,275205.0523,139970.44
2024-07-10,385868.8222,199821.72
2024-07-11,250069.3115,178972.89
2024-07-12,238283.3329,219883.06
2024-07-13,242101.1891,214964.58
2024-07-14,303220.7452,241599.42
2024-07-15,364340.3013,231068.98
2024-07-16,389770.4401,251239.02
2024-07-17,216962.9451,242511.6
2024-07-18,193415.2437,261866.3
2024-07-19,306925.8255,257521.03
2024-07-20,108546.1563,270094.34
2024-07-21,198952.17555,258067.5
2024-07-22,289358.1948,257506.38
2024-07-23,187579.491,253090.0
2024-07-24,152853.6827,239930.12
2024-07-25,128805.6733,249892.56
2024-07-26,280805.4696,235338.75
2024-07-27,75309.95,246955.77
2024-07-28,130354.04435,231740.14
2024-07-29,185398.1387,239461.77
2024-07-30,145138.92560000002,220900.62
2024-07-31,107226.5382,227323.12
2024-08-01,180232.5126,220413.61
2024-08-02,227674.7133,221092.19
2024-08-03,45600.94,221688.22
2024-08-04,122012.1359,216418.12
2024-08-05,198423.3318,220919.58
2024-08-06,221117.1308,211906.34
2024-08-07,193737.1681,215742.75
2024-08-08,167167.5977,205105.16
2024-08-09,128543.7445,205982.4
2024-08-10,135654.4766,199204.36
2024-08-11,153192.34399999998,199366.77
2024-08-12,170730.2114,191886.1
2024-08-13,116632.2491,193732.34
2024-08-14,176700.5305,186657.88
2024-08-15,176086.0734,188765.2
2024-08-16,134772.596,182995.69
2024-08-17,193813.8272,184395.14
2024-08-18,189321.2003,179903.92
2024-08-19,184828.5734,183710.25
2024-08-20,248183.0937,179959.36
2024-08-21,144167.6337,181834.22
2024-08-22,118692.6749,168815.19
2024-08-23,88601.0589,162983.62
2024-08-24,114349.719,150652.11
2024-08-25,149028.8176,158842.5
2024-08-26,183707.9162,158709.9
2024-08-27,188390.4846,168766.97
2024-08-28,147040.03960000002,166405.8
2024-08-29,283351.1473,170344.27
2024-08-30,147368.2579,166267.4
2024-08-31,125250.4182,172005.56
2024-09-01,176280.99405,177353.53
2024-09-02,227311.5699,183189.25
2024-09-03,169712.4503,186932.39
2024-09-04,320286.4398,191578.45
2024-09-05,256463.8817,190780.92
2024-09-06,286680.8817,196088.8
2024-09-07,139492.3047,190569.16
2024-09-08,174472.4299,192618.9
2024-09-09,209452.5551,185928.67
2024-09-10,189045.5886,193598.9
2024-09-11,250012.4384,192640.64
2024-09-12,334459.1129,196437.23
2024-09-13,164255.5778,184251.34
2024-09-14,227291.2794,179893.56
2024-09-15,864.0,172871.12
2024-09-16,68444.6311,174628.69
2024-09-17,99819.94842,167927.1
2024-09-18,131195.26574,173378.84
2024-09-19,162570.58305999998,168677.27
2024-09-20,193945.90038,175467.94
2024-09-21,225321.2177,168475.08
2024-09-22,264006.1725,165503.48
2024-09-23,302691.1273,202175.14
2024-09-24,486152.1647,190300.17
2024-09-25,398241.0156,214343.84
2024-09-26,375163.9005,220502.36
2024-09-27,385098.8188,239993.66
2024-09-28,218548.8461,240756.64
2024-09-29,201412.59815,257739.94
2024-09-30,184276.3502,251552.44
2024-10-01,210091.0477,266409.34
2024-10-02,205537.9472,257723.83
2024-10-03,224657.4158,273082.03
2024-10-04,224886.0545,262910.28
2024-10-05,180157.6858,276076.22
2024-10-06,193980.66785000003,262083.3
2024-10-07,207803.6499,282571.7
2024-10-08,286984.8081,267246.97
2024-10-09,180441.0137,292016.0
2024-10-10,181533.3862,269713.62
2024-10-11,184999.0332,298686.12
2024-10-12,206973.2744,270027.0
2024-10-13,240932.5331,302125.7
2024-10-14,274891.7918,270258.56
2024-10-15,295321.6464,308460.62
2024-10-16,192434.9924,277579.0
2024-10-17,249100.169,309751.62
2024-10-18,264042.7293,282962.6
2024-10-19,216575.0197,314731.06
2024-10-20,182703.08605,294964.88
2024-10-21,148831.15240000002,308972.44
2024-10-22,261296.0994,285389.7
2024-10-23,124592.6831,310733.22
2024-10-24,132573.02409999998,263585.6
2024-10-25,332092.4996,279318.25
2024-10-26,361939.9308,277290.5
2024-10-27,398039.77915,290967.3
2024-10-28,434139.6275,297156.75
2024-10-29,364073.7116,314062.22
2024-10-30,401172.6839,322029.47
2024-10-31,218995.2123,334776.4
2024-11-01,391983.381,337504.2
2024-11-02,243892.4057,357120.56
2024-11-03,332482.34995,343129.1
2024-11-04,421072.2942,356675.25
2024-11-05,335215.5608,353829.47
2024-11-06,368673.9393,371120.6
2024-11-07,377242.7719,368126.38
2024-11-08,298180.58900000004,389684.66
2024-11-09,326227.31690000003,372137.97
2024-11-10,539223.86995,390211.38
2024-11-11,752220.423,375639.03
2024-11-12,310819.1143,393319.9
2024-11-13,393607.9064,378700.47
2024-11-14,612181.1766,395775.56
2024-11-15,543331.4615,385953.5
2024-11-16,233682.3385,402830.34
2024-11-17,180488.18925,398444.16
2024-11-18,127294.04,411459.06
